{"best_parameters": {"objective": "binary:logistic", "eval_metric": "logloss", "scale_pos_weight": 1.7, "learning_rate": 0.04421713465368363, "max_depth": 4, "min_child_weight": 8, "subsample": 0.9803322710419345, "colsample_bytree": 0.8020828045471105, "reg_alpha": 2.868423734680449, "reg_lambda": 1.2578096059411186}, "optimal_n_estimators": 151}