{
    "F1_score_macro": 0.7733192298183971,
    "AUC_ROC_score": 0.8828621698141239,
    "Classification_Report": {
        "0": {
            "precision": 0.8967930029154519,
            "recall": 0.8473829201101928,
            "f1-score": 0.8713881019830029,
            "support": 3630.0
        },
        "1": {
            "precision": 0.630173564753004,
            "recall": 0.7272727272727273,
            "f1-score": 0.6752503576537912,
            "support": 1298.0
        },
        "accuracy": 0.8157467532467533,
        "macro avg": {
            "precision": 0.763483283834228,
            "recall": 0.78732782369146,
            "f1-score": 0.7733192298183971,
            "support": 4928.0
        },
        "weighted avg": {
            "precision": 0.8265673473280215,
            "recall": 0.8157467532467533,
            "f1-score": 0.8197268211105766,
            "support": 4928.0
        }
    }
}